gap_length,seed,sample_index,file,true_label,none_prediction,linear_prediction,v17_prediction,v171_prediction,none_correct,linear_correct,v17_correct,v171_correct
2,42,1,dataset\processed\landmarks\63. Winter\MVI_5432.npy,63. Winter,62. Spring,63. Winter,63. Winter,63. Winter,False,True,True,True
2,42,2,dataset\processed\landmarks\64. Fall\MVI_5001.npy,64. Fall,64. Fall,64. Fall,64. Fall,64. Fall,True,True,True,True
2,42,3,dataset\processed\landmarks\61. Summer\MVI_4990.npy,61. Summer,61. Summer,61. Summer,61. Summer,61. Summer,True,True,True,True
2,42,4,dataset\processed\landmarks\64. Fall\MVI_4578.npy,64. Fall,64. Fall,64. Fall,64. Fall,64. Fall,True,True,True,True
2,42,5,dataset\processed\landmarks\62. Spring\MVI_4993.npy,62. Spring,62. Spring,62. Spring,62. Spring,62. Spring,True,True,True,True
2,42,6,dataset\processed\landmarks\65. Season\MVI_5004.npy,65. Season,65. Season,65. Season,65. Season,65. Season,True,True,True,True
2,42,7,dataset\processed\landmarks\61. Summer\MVI_9123.npy,61. Summer,61. Summer,61. Summer,61. Summer,61. Summer,True,True,True,True
2,42,8,dataset\processed\landmarks\65. Season\MVI_5437.npy,65. Season,65. Season,65. Season,65. Season,65. Season,True,True,True,True
2,42,9,dataset\processed\landmarks\63. Winter\MVI_5431.npy,63. Winter,63. Winter,63. Winter,63. Winter,63. Winter,True,True,True,True
2,42,10,dataset\processed\landmarks\61. Summer\MVI_5420.npy,61. Summer,61. Summer,61. Summer,61. Summer,61. Summer,True,True,True,True
2,42,11,dataset\processed\landmarks\Ex. Monsoon\MVI_4672.npy,Ex. Monsoon,Ex. Monsoon,Ex. Monsoon,Ex. Monsoon,Ex. Monsoon,True,True,True,True
2,42,12,dataset\processed\landmarks\62. Spring\MVI_4570.npy,62. Spring,62. Spring,62. Spring,62. Spring,62. Spring,True,True,True,True
2,42,13,dataset\processed\landmarks\Ex. Monsoon\MVI_5530.npy,Ex. Monsoon,Ex. Monsoon,Ex. Monsoon,Ex. Monsoon,Ex. Monsoon,True,True,True,True
2,42,14,dataset\processed\landmarks\64. Fall\MVI_5434.npy,64. Fall,64. Fall,64. Fall,64. Fall,64. Fall,True,True,True,True
2,42,15,dataset\processed\landmarks\Ex. Monsoon\MVI_9205.npy,Ex. Monsoon,Ex. Monsoon,Ex. Monsoon,Ex. Monsoon,Ex. Monsoon,True,True,True,True
2,42,16,dataset\processed\landmarks\65. Season\MVI_9136.npy,65. Season,65. Season,65. Season,65. Season,65. Season,True,True,True,True
2,42,17,dataset\processed\landmarks\63. Winter\MVI_9131.npy,63. Winter,63. Winter,63. Winter,63. Winter,63. Winter,True,True,True,True
5,42,1,dataset\processed\landmarks\63. Winter\MVI_5432.npy,63. Winter,62. Spring,63. Winter,63. Winter,63. Winter,False,True,True,True
5,42,2,dataset\processed\landmarks\64. Fall\MVI_5001.npy,64. Fall,64. Fall,64. Fall,64. Fall,64. Fall,True,True,True,True
5,42,3,dataset\processed\landmarks\61. Summer\MVI_4990.npy,61. Summer,61. Summer,61. Summer,61. Summer,61. Summer,True,True,True,True
5,42,4,dataset\processed\landmarks\64. Fall\MVI_4578.npy,64. Fall,64. Fall,64. Fall,64. Fall,64. Fall,True,True,True,True
5,42,5,dataset\processed\landmarks\62. Spring\MVI_4993.npy,62. Spring,62. Spring,62. Spring,62. Spring,62. Spring,True,True,True,True
5,42,6,dataset\processed\landmarks\65. Season\MVI_5004.npy,65. Season,65. Season,65. Season,65. Season,65. Season,True,True,True,True
5,42,7,dataset\processed\landmarks\61. Summer\MVI_9123.npy,61. Summer,61. Summer,61. Summer,61. Summer,61. Summer,True,True,True,True
5,42,8,dataset\processed\landmarks\65. Season\MVI_5437.npy,65. Season,65. Season,65. Season,65. Season,65. Season,True,True,True,True
5,42,9,dataset\processed\landmarks\63. Winter\MVI_5431.npy,63. Winter,63. Winter,63. Winter,63. Winter,63. Winter,True,True,True,True
5,42,10,dataset\processed\landmarks\61. Summer\MVI_5420.npy,61. Summer,61. Summer,61. Summer,61. Summer,61. Summer,True,True,True,True
5,42,11,dataset\processed\landmarks\Ex. Monsoon\MVI_4672.npy,Ex. Monsoon,Ex. Monsoon,Ex. Monsoon,Ex. Monsoon,Ex. Monsoon,True,True,True,True
5,42,12,dataset\processed\landmarks\62. Spring\MVI_4570.npy,62. Spring,62. Spring,62. Spring,62. Spring,62. Spring,True,True,True,True
5,42,13,dataset\processed\landmarks\Ex. Monsoon\MVI_5530.npy,Ex. Monsoon,Ex. Monsoon,Ex. Monsoon,Ex. Monsoon,Ex. Monsoon,True,True,True,True
5,42,14,dataset\processed\landmarks\64. Fall\MVI_5434.npy,64. Fall,64. Fall,64. Fall,64. Fall,64. Fall,True,True,True,True
5,42,15,dataset\processed\landmarks\Ex. Monsoon\MVI_9205.npy,Ex. Monsoon,Ex. Monsoon,Ex. Monsoon,Ex. Monsoon,Ex. Monsoon,True,True,True,True
5,42,16,dataset\processed\landmarks\65. Season\MVI_9136.npy,65. Season,65. Season,65. Season,65. Season,65. Season,True,True,True,True
5,42,17,dataset\processed\landmarks\63. Winter\MVI_9131.npy,63. Winter,63. Winter,63. Winter,63. Winter,63. Winter,True,True,True,True
10,42,1,dataset\processed\landmarks\63. Winter\MVI_5432.npy,63. Winter,62. Spring,63. Winter,63. Winter,63. Winter,False,True,True,True
10,42,2,dataset\processed\landmarks\64. Fall\MVI_5001.npy,64. Fall,64. Fall,64. Fall,64. Fall,64. Fall,True,True,True,True
10,42,3,dataset\processed\landmarks\61. Summer\MVI_4990.npy,61. Summer,61. Summer,61. Summer,61. Summer,61. Summer,True,True,True,True
10,42,4,dataset\processed\landmarks\64. Fall\MVI_4578.npy,64. Fall,64. Fall,64. Fall,64. Fall,64. Fall,True,True,True,True
10,42,5,dataset\processed\landmarks\62. Spring\MVI_4993.npy,62. Spring,62. Spring,62. Spring,62. Spring,62. Spring,True,True,True,True
10,42,6,dataset\processed\landmarks\65. Season\MVI_5004.npy,65. Season,65. Season,65. Season,65. Season,65. Season,True,True,True,True
10,42,7,dataset\processed\landmarks\61. Summer\MVI_9123.npy,61. Summer,61. Summer,61. Summer,61. Summer,61. Summer,True,True,True,True
10,42,8,dataset\processed\landmarks\65. Season\MVI_5437.npy,65. Season,65. Season,65. Season,65. Season,65. Season,True,True,True,True
10,42,9,dataset\processed\landmarks\63. Winter\MVI_5431.npy,63. Winter,63. Winter,63. Winter,63. Winter,63. Winter,True,True,True,True
10,42,10,dataset\processed\landmarks\61. Summer\MVI_5420.npy,61. Summer,61. Summer,61. Summer,61. Summer,61. Summer,True,True,True,True
10,42,11,dataset\processed\landmarks\Ex. Monsoon\MVI_4672.npy,Ex. Monsoon,Ex. Monsoon,Ex. Monsoon,Ex. Monsoon,Ex. Monsoon,True,True,True,True
10,42,12,dataset\processed\landmarks\62. Spring\MVI_4570.npy,62. Spring,62. Spring,62. Spring,62. Spring,62. Spring,True,True,True,True
10,42,13,dataset\processed\landmarks\Ex. Monsoon\MVI_5530.npy,Ex. Monsoon,Ex. Monsoon,Ex. Monsoon,Ex. Monsoon,Ex. Monsoon,True,True,True,True
10,42,14,dataset\processed\landmarks\64. Fall\MVI_5434.npy,64. Fall,64. Fall,64. Fall,64. Fall,64. Fall,True,True,True,True
10,42,15,dataset\processed\landmarks\Ex. Monsoon\MVI_9205.npy,Ex. Monsoon,Ex. Monsoon,Ex. Monsoon,Ex. Monsoon,Ex. Monsoon,True,True,True,True
10,42,16,dataset\processed\landmarks\65. Season\MVI_9136.npy,65. Season,65. Season,65. Season,65. Season,65. Season,True,True,True,True
10,42,17,dataset\processed\landmarks\63. Winter\MVI_9131.npy,63. Winter,63. Winter,63. Winter,63. Winter,63. Winter,True,True,True,True
20,42,1,dataset\processed\landmarks\63. Winter\MVI_5432.npy,63. Winter,62. Spring,62. Spring,62. Spring,62. Spring,False,False,False,False
20,42,2,dataset\processed\landmarks\64. Fall\MVI_5001.npy,64. Fall,64. Fall,64. Fall,64. Fall,64. Fall,True,True,True,True
20,42,3,dataset\processed\landmarks\61. Summer\MVI_4990.npy,61. Summer,61. Summer,61. Summer,61. Summer,61. Summer,True,True,True,True
20,42,4,dataset\processed\landmarks\64. Fall\MVI_4578.npy,64. Fall,64. Fall,64. Fall,64. Fall,64. Fall,True,True,True,True
20,42,5,dataset\processed\landmarks\62. Spring\MVI_4993.npy,62. Spring,62. Spring,62. Spring,62. Spring,62. Spring,True,True,True,True
20,42,6,dataset\processed\landmarks\65. Season\MVI_5004.npy,65. Season,65. Season,65. Season,65. Season,65. Season,True,True,True,True
20,42,7,dataset\processed\landmarks\61. Summer\MVI_9123.npy,61. Summer,61. Summer,61. Summer,61. Summer,61. Summer,True,True,True,True
20,42,8,dataset\processed\landmarks\65. Season\MVI_5437.npy,65. Season,65. Season,65. Season,65. Season,65. Season,True,True,True,True
20,42,9,dataset\processed\landmarks\63. Winter\MVI_5431.npy,63. Winter,63. Winter,63. Winter,63. Winter,63. Winter,True,True,True,True
20,42,10,dataset\processed\landmarks\61. Summer\MVI_5420.npy,61. Summer,61. Summer,61. Summer,61. Summer,61. Summer,True,True,True,True
20,42,11,dataset\processed\landmarks\Ex. Monsoon\MVI_4672.npy,Ex. Monsoon,63. Winter,Ex. Monsoon,Ex. Monsoon,Ex. Monsoon,False,True,True,True
20,42,12,dataset\processed\landmarks\62. Spring\MVI_4570.npy,62. Spring,62. Spring,62. Spring,62. Spring,62. Spring,True,True,True,True
20,42,13,dataset\processed\landmarks\Ex. Monsoon\MVI_5530.npy,Ex. Monsoon,Ex. Monsoon,Ex. Monsoon,Ex. Monsoon,Ex. Monsoon,True,True,True,True
20,42,14,dataset\processed\landmarks\64. Fall\MVI_5434.npy,64. Fall,64. Fall,64. Fall,64. Fall,64. Fall,True,True,True,True
20,42,15,dataset\processed\landmarks\Ex. Monsoon\MVI_9205.npy,Ex. Monsoon,Ex. Monsoon,Ex. Monsoon,Ex. Monsoon,Ex. Monsoon,True,True,True,True
20,42,16,dataset\processed\landmarks\65. Season\MVI_9136.npy,65. Season,65. Season,65. Season,65. Season,65. Season,True,True,True,True
20,42,17,dataset\processed\landmarks\63. Winter\MVI_9131.npy,63. Winter,63. Winter,63. Winter,63. Winter,63. Winter,True,True,True,True
